id,name,model_id:id,group_id:id,perm_read,perm_write,perm_create,perm_unlink
access_6524_barcode_nomenclature_stock_user,barcode.nomenclature.stock.user,barcodes.model_barcode_nomenclature,,1,0,0,0
access_6410_barcode_nomenclature_stock_user,barcode.nomenclature.stock.user,barcodes.model_barcode_nomenclature,,1,0,0,0
access_5675_barcode_nomenclature_stock_user,barcode.nomenclature.stock.user,barcodes.model_barcode_nomenclature,,1,0,0,0
access_6525_barcode_rule_stock_user,barcode.rule.stock.user,barcodes.model_barcode_rule,,1,0,0,0
access_6411_barcode_rule_stock_user,barcode.rule.stock.user,barcodes.model_barcode_rule,,1,0,0,0
access_5676_barcode_rule_stock_user,barcode.rule.stock.user,barcodes.model_barcode_rule,,1,0,0,0
access_6768_calendar_event,calendar.event,appointment.model_calendar_event,,1,0,0,0
access_8624_access_calendar_event_rohana_read,access_calendar_event_rohana_read,appointment.model_calendar_event,,1,0,0,0
access_6797_calendar_event_type_salesman,calendar.event.type.salesman,calendar.model_calendar_event_type,,1,0,0,0
access_8625_access_calendar_event_type_rohana_read,access_calendar_event_type_rohana_read,calendar.model_calendar_event_type,,1,0,0,0
access_6569_access_choose_delivery_carrier,access.choose.delivery.carrier,delivery.model_choose_delivery_carrier,,1,0,0,0
access_6455_access_choose_delivery_carrier,access.choose.delivery.carrier,delivery.model_choose_delivery_carrier,,1,0,0,0
access_5720_access_choose_delivery_carrier,access.choose.delivery.carrier,delivery.model_choose_delivery_carrier,,1,0,0,0
access_8626_access_choose_delivery_carrier_rohana_read,access_choose_delivery_carrier_rohana_read,delivery.model_choose_delivery_carrier,,1,0,0,0
access_8630_access_crm_activity_report_rohana_read,access_crm_activity_report_rohana_read,crm.model_crm_activity_report,,1,0,0,0
access_6773_crm_lead,crm.lead,crm.model_crm_lead,,1,0,0,0
access_8631_access_crm_lead_rohana_read,access_crm_lead_rohana_read,crm.model_crm_lead,,1,0,0,0
access_6801_access_crm_lead_lost,access.crm.lead.lost,crm.model_crm_lead_lost,,1,0,0,0
access_8632_access_crm_lead_lost_rohana_read,access_crm_lead_lost_rohana_read,crm.model_crm_lead_lost,,1,0,0,0
access_6804_access_crm_lead_scoring_frequency,access_crm_lead_scoring_frequency,crm.model_crm_lead_scoring_frequency,,1,0,0,0
access_8633_access_crm_lead_scoring_frequency_rohana_read,access_crm_lead_scoring_frequency_rohana_read,crm.model_crm_lead_scoring_frequency,,1,0,0,0
access_6798_access_crm_lead_scoring_frequency_field,access_crm_lead_scoring_frequency_field,crm.model_crm_lead_scoring_frequency_field,,1,0,0,0
access_8634_access_crm_lead_scoring_frequency_field_rohana_read,access_crm_lead_scoring_frequency_field_rohana_read,crm.model_crm_lead_scoring_frequency_field,,1,0,0,0
access_6788_access_crm_lead2opportunity_partner,access.crm.lead2opportunity.partner,crm.model_crm_lead2opportunity_partner,,1,0,0,0
access_8635_access_crm_lead2opportunity_partner_rohana_read,access_crm_lead2opportunity_partner_rohana_read,crm.model_crm_lead2opportunity_partner,,1,0,0,0
access_6787_access_crm_lead2opportunity_partner_mass,access.crm.lead2opportunity.partner.mass,crm.model_crm_lead2opportunity_partner_mass,,1,0,0,0
access_8636_access_crm_lead2opportunity_partner_mass_rohana_read,access_crm_lead2opportunity_partner_mass_rohana_read,crm.model_crm_lead2opportunity_partner_mass,,1,0,0,0
access_6807_crm_lost_reason_salesman,crm.lost.reason.salesman,crm.model_crm_lost_reason,,1,0,0,0
access_8637_access_crm_lost_reason_rohana_read,access_crm_lost_reason_rohana_read,crm.model_crm_lost_reason,,1,0,0,0
access_6805_access_crm_merge_opportunity,access.crm.merge.opportunity,crm.model_crm_merge_opportunity,,1,0,0,0
access_8638_access_crm_merge_opportunity_rohana_read,access_crm_merge_opportunity_rohana_read,crm.model_crm_merge_opportunity,,1,0,0,0
access_6795_access_crm_quotation_partner,access.crm.quotation.partner,sale_crm.model_crm_quotation_partner,,1,0,0,0
access_8675_access_crm_quotation_partner_rohana_read,access_crm_quotation_partner_rohana_read,sale_crm.model_crm_quotation_partner,,1,0,0,0
access_6785_crm_recurring_plan_access_salesman,crm.recurring.plan.access.salesman,crm.model_crm_recurring_plan,,1,0,0,0
access_8639_access_crm_recurring_plan_rohana_read,access_crm_recurring_plan_rohana_read,crm.model_crm_recurring_plan,,1,0,0,0
access_6786_crm_tag_salesman,crm_tag salesman,sales_team.model_crm_tag,,1,0,0,0
access_8640_access_crm_tag_rohana_read,access_crm_tag_rohana_read,sales_team.model_crm_tag,,1,0,0,0
access_6778_crm_team_user,crm.team.user,crm.model_crm_team,,1,0,0,0
access_8641_access_crm_team_rohana_read,access_crm_team_rohana_read,crm.model_crm_team,,1,0,0,0
access_8629_access_delivery_zip_prefix_rohana_read,access_delivery_zip_prefix_rohana_read,delivery.model_delivery_zip_prefix,,1,0,0,0
access_6857_coupon_coupon,coupon.coupon,loyalty.model_loyalty_card,BugFix-Approvals.group_132_jin_sales_pos_users,1,0,0,0
access_6789_coupon__salesperson,Coupon (Salesperson),loyalty.model_loyalty_card,,1,0,0,0
access_8644_access_loyalty_card_rohana_read,access_loyalty_card_rohana_read,loyalty.model_loyalty_card,,1,0,0,0
access_6799_coupon_generation,Coupon Generation,loyalty.model_loyalty_generate_wizard,,1,0,0,0
access_8645_access_loyalty_generate_wizard_rohana_read,access_loyalty_generate_wizard_rohana_read,loyalty.model_loyalty_generate_wizard,,1,0,0,0
access_8646_access_loyalty_mail_rohana_read,access_loyalty_mail_rohana_read,loyalty.model_loyalty_mail,,1,0,0,0
access_6790_coupon_program__salesperson,Coupon Program (Salesperson),loyalty.model_loyalty_program,,1,0,0,0
access_8647_access_loyalty_program_rohana_read,access_loyalty_program_rohana_read,loyalty.model_loyalty_program,,1,0,0,0
access_7322_coupon_reward,Coupon Reward,loyalty.model_loyalty_reward,,1,1,1,1
access_6791_coupon_reward__salesperson,Coupon Reward (Salesperson),loyalty.model_loyalty_reward,,1,0,0,0
access_8648_access_loyalty_reward_rohana_read,access_loyalty_reward_rohana_read,loyalty.model_loyalty_reward,,1,0,0,0
access_7321_coupon_rules,Coupon Rules,loyalty.model_loyalty_rule,,1,1,1,1
access_6792_coupon_rule__salesperson,Coupon Rule (Salesperson),loyalty.model_loyalty_rule,,1,0,0,0
access_8649_access_loyalty_rule_rohana_read,access_loyalty_rule_rohana_read,loyalty.model_loyalty_rule,,1,0,0,0
access_6546_pos_order_stock_worker,pos.order stock_worker,point_of_sale.model_pos_order,,1,0,0,0
access_6432_pos_order_stock_worker,pos.order stock_worker,point_of_sale.model_pos_order,,1,0,0,0
access_5697_pos_order_stock_worker,pos.order stock_worker,point_of_sale.model_pos_order,,1,0,0,0
access_8702_access_uom_category_rohana_read,access_uom_category_rohana_read,point_of_sale.model_uom_category,,1,0,0,0
access_6814_uom_uom_user,uom.uom.user,account.model_uom_uom,,1,0,0,0
access_8703_access_uom_uom_rohana_read,access_uom_uom_rohana_read,account.model_uom_uom,,1,0,0,0
access_6939_access_validate_account_move,access.validate.account.move,account.model_validate_account_move,,1,1,1,0
access_7034_access_validate_account_move,access.validate.account.move,account.model_validate_account_move,,1,1,1,0
access_6835_access_website_track_salesman,access_website_track_salesman,website.model_website_track,,1,0,0,0
access_8704_access_website_track_rohana_read,access_website_track_rohana_read,website.model_website_track,,1,0,0,0
access_x_account_winbooks_import_wizard_admin,x_account_winbooks_import_wizard admin,BugFix-Studio-Misc.model_x_account_winbooks_import_wizard,base.group_system,1,1,1,1
access_x_product_product_admin,x_product_product admin,BugFix-Studio-Misc.model_x_product_product,base.group_system,1,1,1,1
access_x_product_test_admin,x_product_test admin,BugFix-Studio-Misc.model_x_product_test,base.group_system,1,1,1,1
access_x_studio_check_out_auto_admin,x_studio_check_out_auto admin,BugFix-Studio-Misc.model_x_studio_check_out_auto,base.group_system,1,1,1,1
access_x_test02_admin,x_test02 admin,BugFix-Studio-Misc.model_x_test02,base.group_system,1,1,1,1
access_x_test_1_admin,x_test_1 admin,BugFix-Studio-Misc.model_x_test_1,base.group_system,1,1,1,1
access_x_test_form_admin,x_test_form admin,BugFix-Studio-Misc.model_x_test_form,base.group_system,1,1,1,1
access_x_test_layout_admin,x_test_layout admin,BugFix-Studio-Misc.model_x_test_layout,base.group_system,1,1,1,1
access_x_test_model_link_admin,x_test_model_link admin,BugFix-Studio-Misc.model_x_test_model_link,base.group_system,1,1,1,1
access_x_test_model_link_2_admin,x_test_model_link_2 admin,BugFix-Studio-Misc.model_x_test_model_link_2,base.group_system,1,1,1,1
access_x_test_model_primary_admin,x_test_model_primary admin,BugFix-Studio-Misc.model_x_test_model_primary,base.group_system,1,1,1,1
access_x_testapp_admin,x_testapp admin,BugFix-Studio-Misc.model_x_testapp,base.group_system,1,1,1,1
access_x_testdepartment_admin,x_testdepartment admin,BugFix-Studio-Misc.model_x_testdepartment,base.group_system,1,1,1,1
access_x_website_faq_admin,x_website_faq admin,BugFix-Studio-Misc.model_x_website_faq,base.group_system,1,1,1,1
access_x_website_faqs_admin,x_website_faqs admin,BugFix-Studio-Misc.model_x_website_faqs,base.group_system,1,1,1,1
access_x_x_studio_request_line_admin,x_x_studio_request_line admin,BugFix-Studio-Misc.model_x_x_studio_request_line,base.group_system,1,1,1,1
access_x_bve_salesreport_admin,x_bve.salesreport admin,BugFix-Studio-Misc.model_x_bve_salesreport,base.group_system,1,1,1,1
access_x_bve_samplebalancemovementreport_admin,x_bve.samplebalancemovementreport admin,BugFix-Studio-Misc.model_x_bve_samplebalancemovementreport,base.group_system,1,1,1,1
access_x_bve_test1_admin,x_bve.test1 admin,BugFix-Studio-Misc.model_x_bve_test1,base.group_system,1,1,1,1
access_x_custom_reports_line_c55e7_admin,x_custom_reports_line_c55e7 admin,BugFix-Studio-Misc.model_x_custom_reports_line_c55e7,base.group_system,1,1,1,1
access_x_custom_reports_tag_admin,x_custom_reports_tag admin,BugFix-Studio-Misc.model_x_custom_reports_tag,base.group_system,1,1,1,1
access_x_customer_groups_admin,x_customer_groups admin,BugFix-Studio-Misc.model_x_customer_groups,base.group_system,1,1,1,1
access_x_material_request_mt_line_9a011_admin,x_material_request_mt_line_9a011 admin,BugFix-Studio-Misc.model_x_material_request_mt_line_9a011,base.group_system,1,1,1,1
access_x_material_request_tes_line_3301b_admin,x_material_request_tes_line_3301b admin,BugFix-Studio-Misc.model_x_material_request_tes_line_3301b,base.group_system,1,1,1,1
access_x_project_task_worksheet_template_1_admin,x_project_task_worksheet_template_1 admin,BugFix-Studio-Misc.model_x_project_task_worksheet_template_1,base.group_system,1,1,1,1
access_x_res_config_settings_admin,x_res_config_settings admin,BugFix-Studio-Misc.model_x_res_config_settings,base.group_system,1,1,1,1
access_x_sales_model_debug_admin,x_sales_model_debug admin,BugFix-Studio-Misc.model_x_sales_model_debug,base.group_system,1,1,1,1
access_x_work_center_costing_admin,x_work_center_costing admin,BugFix-Studio-Misc.model_x_work_center_costing,base.group_system,1,1,1,1
access_1116_customer_groups_group_user,Customer Groups group_user,BugFix-Studio-Misc.model_x_customer_groups,base.group_user,1,0,0,0
access_1115_customer_groups_group_system,Customer Groups group_system,BugFix-Studio-Misc.model_x_customer_groups,base.group_system,1,1,1,1
access_1875_sales_model_debug_group_user,Sales Model Debug group_user,BugFix-Studio-Misc.model_x_sales_model_debug,base.group_user,1,0,0,0
access_6851_x_sales_model_debug,x_sales_model_debug,BugFix-Studio-Misc.model_x_sales_model_debug,BugFix-Approvals.group_132_jin_sales_pos_users,1,0,1,0
access_6843_x_sales_model_debug,x_sales_model_debug,BugFix-Studio-Misc.model_x_sales_model_debug,,1,0,1,0
access_1874_sales_model_debug_group_system,Sales Model Debug group_system,BugFix-Studio-Misc.model_x_sales_model_debug,base.group_system,1,1,1,1
access_1497_test_form_group_user,TEST FORM group_user,BugFix-Studio-Misc.model_x_test_form,base.group_user,1,0,0,0
access_1496_test_form_group_system,TEST FORM group_system,BugFix-Studio-Misc.model_x_test_form,base.group_system,1,1,1,1
access_1517_test_model_link_group_user,TEST MODEL LINK group_user,BugFix-Studio-Misc.model_x_test_model_link,base.group_user,1,0,0,0
access_1516_test_model_link_group_system,TEST MODEL LINK group_system,BugFix-Studio-Misc.model_x_test_model_link,base.group_system,1,1,1,1
access_1515_test_model_primary_group_user,TEST MODEL PRIMARY group_user,BugFix-Studio-Misc.model_x_test_model_primary,base.group_user,1,0,0,0
access_1514_test_model_primary_group_system,TEST MODEL PRIMARY group_system,BugFix-Studio-Misc.model_x_test_model_primary,base.group_system,1,1,1,1
access_1150_test_1_group_user,TEST-1 group_user,BugFix-Studio-Misc.model_x_test_1,base.group_user,1,0,0,0
access_1153_test_1_group,TEST-1 GROUP,BugFix-Studio-Misc.model_x_test_1,BugFix-Approvals.group_107_pr_approval,0,0,0,0
access_1149_test_1_group_system,TEST-1 group_system,BugFix-Studio-Misc.model_x_test_1,base.group_system,1,1,1,1
access_1152_test02_group_user,TEST02 group_user,BugFix-Studio-Misc.model_x_test02,base.group_user,1,0,0,0
access_1154_test02_group,TEST02 GROUP,BugFix-Studio-Misc.model_x_test02,BugFix-Approvals.group_107_pr_approval,0,0,0,0
access_1151_test02_group_system,TEST02 group_system,BugFix-Studio-Misc.model_x_test02,base.group_system,1,1,1,1
access_1738_test_layout_group_user,Test Layout group_user,BugFix-Studio-Misc.model_x_test_layout,base.group_user,0,0,0,0
access_1737_test_layout_group_system,Test Layout group_system,BugFix-Studio-Misc.model_x_test_layout,base.group_system,1,1,1,1
access_1519_test_model_link_2_group_user,Test Model Link 2 group_user,BugFix-Studio-Misc.model_x_test_model_link_2,base.group_user,0,0,0,0
access_1518_test_model_link_2_group_system,Test Model Link 2 group_system,BugFix-Studio-Misc.model_x_test_model_link_2,base.group_system,1,1,1,1
access_1142_testapp_group_user,TestApp group_user,BugFix-Studio-Misc.model_x_testapp,base.group_user,0,0,0,0
access_1141_testapp_group_system,TestApp group_system,BugFix-Studio-Misc.model_x_testapp,base.group_system,1,1,1,1
access_1144_testdepartment_group_user,TestDepartment group_user,BugFix-Studio-Misc.model_x_testdepartment,base.group_user,0,0,0,0
access_1143_testdepartment_group_system,TestDepartment group_system,BugFix-Studio-Misc.model_x_testdepartment,base.group_system,1,1,1,1
access_1211_work_center_costing_group_user,Work Center Costing group_user,BugFix-Studio-Misc.model_x_work_center_costing,base.group_user,1,0,0,0
access_1210_work_center_costing_group_system,Work Center Costing group_system,BugFix-Studio-Misc.model_x_work_center_costing,base.group_system,1,1,1,1
access_1213_product_test_group_user,product.test group_user,BugFix-Studio-Misc.model_x_product_test,base.group_user,1,1,0,0
access_1212_product_test_group_system,product.test group_system,BugFix-Studio-Misc.model_x_product_test,base.group_system,1,1,1,1
access_7832_website_faqs_group_user,website FAQs group_user,BugFix-Studio-Misc.model_x_website_faqs,base.group_user,1,1,1,0
access_7883_website_integration_public_model_access,Website integration: public model access,BugFix-Studio-Misc.model_x_website_faqs,website.website_page_controller_expose,1,0,0,0
access_7831_website_faqs_group_system,website FAQs group_system,BugFix-Studio-Misc.model_x_website_faqs,base.group_system,1,1,1,1
access_7830_website_faq_group_user,website.faq group_user,BugFix-Studio-Misc.model_x_website_faq,base.group_user,1,1,1,0
access_7829_website_faq_group_system,website.faq group_system,BugFix-Studio-Misc.model_x_website_faq,base.group_system,1,1,1,1
access_7063_access_account_winbooks_import_wizard,access.account.winbooks.import.wizard,BugFix-Studio-Misc.model_x_account_winbooks_import_wizard,account.group_account_manager,0,0,0,0
access_8266_custom_reports_tags_group_user,Custom Reports Tags group_user,BugFix-Studio-Misc.model_x_custom_reports_tag,base.group_user,1,1,1,0
access_8265_custom_reports_tags_group_system,Custom Reports Tags group_system,BugFix-Studio-Misc.model_x_custom_reports_tag,base.group_system,1,1,1,1
access_1680_x_project_task_worksheet_template_1_access,x_project_task_worksheet_template_1_access,BugFix-Studio-Misc.model_x_project_task_worksheet_template_1,hr_contract.group_hr_contract_manager,1,1,1,1
access_1681_x_project_task_worksheet_template_1_access,x_project_task_worksheet_template_1_access,BugFix-Studio-Misc.model_x_project_task_worksheet_template_1,survey.group_survey_user,1,1,1,1
access_8538_read_access_to_x_bve_salesreport,read access to x_bve.salesreport,BugFix-Studio-Misc.model_x_bve_salesreport,,1,0,0,0
access_8575_read_access_to_x_bve_samplebalancemovementreport,read access to x_bve.samplebalancemovementreport,BugFix-Studio-Misc.model_x_bve_samplebalancemovementreport,,1,0,0,0
access_8519_read_access_to_x_bve_test1,read access to x_bve.test1,BugFix-Studio-Misc.model_x_bve_test1,,1,0,0,0
access_8262_custom_reports_line_group_user,custom_reports_line group_user,BugFix-Studio-Misc.model_x_custom_reports_line_c55e7,base.group_user,1,1,1,0
access_8261_custom_reports_line_group_system,custom_reports_line group_system,BugFix-Studio-Misc.model_x_custom_reports_line_c55e7,base.group_system,1,1,1,1
access_8294_material_request_mt_line_group_user,material_request_mt_line group_user,BugFix-Studio-Misc.model_x_material_request_mt_line_9a011,base.group_user,1,1,1,0
access_8293_material_request_mt_line_group_system,material_request_mt_line group_system,BugFix-Studio-Misc.model_x_material_request_mt_line_9a011,base.group_system,1,1,1,1
access_8270_material_request_tes_line_group_user,material_request_tes_line group_user,BugFix-Studio-Misc.model_x_material_request_tes_line_3301b,base.group_user,1,1,1,0
access_8269_material_request_tes_line_group_system,material_request_tes_line group_system,BugFix-Studio-Misc.model_x_material_request_tes_line_3301b,base.group_system,1,1,1,1
access_6032_jin_maintenance_maintenance_users,Jin - Maintenance + Maintenance users,BugFix-Studio-Misc.model_x_x_studio_request_line,,1,1,1,0
access_6107_jin_maintenance_maintenance_users,Jin - Maintenance + Maintenance users,BugFix-Studio-Misc.model_x_x_studio_request_line,,1,0,0,0
access_f3_test_1_group,TEST-1 GROUP,model_x_test_1,BugFix-Approvals.group_107_pr_approval,0,0,0,0
access_f3_test02_group,TEST02 GROUP,model_x_test02,BugFix-Approvals.group_107_pr_approval,0,0,0,0
access_f3_x_project_task_worksheet_template_1_access,x_project_task_worksheet_template_1_access,model_x_project_task_worksheet_template_1,project.group_project_manager,1,1,1,1
access_f3_x_project_task_worksheet_template_1_access,x_project_task_worksheet_template_1_access,model_x_project_task_worksheet_template_1,project.group_project_user,1,1,1,1
access_f3_product_product_group_user,product.product group_user,model_x_product_product,base.group_user,1,0,0,0
access_f3_res_config_settings_group_user,res.config.settings group_user,model_x_res_config_settings,base.group_user,1,1,1,0

access_g_hr_expense_expense_purchase_jin_po_invoicing_payment_invent,hr.expense,documents_hr_expense.model_hr_expense,BugFix-Studio-Misc.group_g_purchase_jin_po_invoicing_payment_inventory_credit,1,0,0,0
access_g_hr_expense_expense_accounting_jin_cashier,hr.expense,documents_hr_expense.model_hr_expense,BugFix-Studio-Misc.group_g_accounting_jin_cashier,1,0,0,0
access_g_hr_expense_expense_purchase_jin_po_invoicing_payment_non_in,hr.expense,documents_hr_expense.model_hr_expense,BugFix-Studio-Misc.group_g_purchase_jin_po_invoicing_payment_non_inventory_credit,1,0,0,0
access_g_hr_expense_sheet_sheet_purchase_jin_po_invoicing_payment_invent,hr.expense.sheet,hr_expense.model_hr_expense_sheet,BugFix-Studio-Misc.group_g_purchase_jin_po_invoicing_payment_inventory_credit,1,0,0,0
access_g_hr_expense_sheet_sheet_accounting_jin_cashier,hr.expense.sheet,hr_expense.model_hr_expense_sheet,BugFix-Studio-Misc.group_g_accounting_jin_cashier,1,0,0,0
access_g_hr_expense_sheet_sheet_purchase_jin_po_invoicing_payment_non_in,hr.expense.sheet,hr_expense.model_hr_expense_sheet,BugFix-Studio-Misc.group_g_purchase_jin_po_invoicing_payment_non_inventory_credit,1,0,0,0
access_g_x_sales_model_debug_x_sales_model_debug_sales_jin_sales_view_only,x_sales_model_debug,model_x_sales_model_debug,BugFix-Studio-Misc.group_g_sales_jin_sales_view_only,1,0,1,0
access_g_access_expiry_picking_confirmation_confirmation_manufacturing_jin_manufacturing_m,access.expiry.picking.confirmation,mrp_product_expiry.model_expiry_picking_confirmation,BugFix-Studio-Misc.group_g_manufacturing_jin_manufacturing_mo_operator,1,0,0,0
access_g_access_expiry_picking_confirmation_confirmation_manufacturing_jin_manufacturing_p,access.expiry.picking.confirmation,mrp_product_expiry.model_expiry_picking_confirmation,BugFix-Studio-Misc.group_g_manufacturing_jin_manufacturing_production_orders_dismantler,1,0,0,0
access_g_access_expiry_picking_confirmation_confirmation_manufacturing_jin_manufacturing_t,access.expiry.picking.confirmation,mrp_product_expiry.model_expiry_picking_confirmation,BugFix-Studio-Misc.group_g_manufacturing_jin_manufacturing_those_with_only_view_rights,1,0,0,0
access_g_access_expiry_picking_confirmation_confirmation_purchase_jin_po_goods_receivers,access.expiry.picking.confirmation,mrp_product_expiry.model_expiry_picking_confirmation,BugFix-Studio-Misc.group_g_purchase_jin_po_goods_receivers,1,0,0,0
access_g_x_project_task_worksheet_template_1_acce_x_project_task_worksheet_template_1_proj,x_project_task_worksheet_template_1_access,model_x_project_task_worksheet_template_1,project.group_project_manager,1,1,1,1
access_g_x_project_task_worksheet_template_1_acce_x_project_task_worksheet_template_1_proj_1,x_project_task_worksheet_template_1_access,model_x_project_task_worksheet_template_1,project.group_project_user,1,1,1,1
access_g_product_attribute_manager_filter_line_exclusion_ajith_super,product.attribute manager filter line,product.model_product_template_attribute_exclusion,BugFix-Studio-Misc.group_g_misc_ajith_super,1,1,1,1
access_g_account_tax_repartition_line_invoice_line_accounting_billing_limited_archived,account.tax repartition.line.invoice,account.model_account_tax_repartition_line,BugFix-Studio-Misc.group_g_accounting_billing_limited_archived,1,0,0,0
access_g_account_tax_repartition_line_invoice_line_accounting_billing_limited_cashier,account.tax repartition.line.invoice,account.model_account_tax_repartition_line,BugFix-Studio-Misc.group_g_accounting_billing_limited_cashier,1,0,0,0
access_g_account_tax_repartition_line_invoice_line_accounting_test_inheritance,account.tax repartition.line.invoice,account.model_account_tax_repartition_line,BugFix-Studio-Misc.group_g_accounting_test_inheritance,1,0,0,0
access_g_access_account_tax_unit_readonly_unit_accounting_test_inheritance,access_account_tax_unit_readonly,account_reports.model_account_tax_unit,BugFix-Studio-Misc.group_g_accounting_test_inheritance,1,0,0,0
access_g_product_product_group_user_x_product_product_user_types_internal_user,product.product group_user,model_x_product_product,base.group_user,1,0,0,0
access_g_res_config_settings_group_user_x_res_config_settings_user_types_internal_user,res.config.settings group_user,model_x_res_config_settings,base.group_user,1,1,1,0
access_g_jin_maintenance_maintenance_users_x_x_studio_request_line_maintenance_jin_mainten,Jin - Maintenance + Maintenance users,model_x_x_studio_request_line,BugFix-Studio-Misc.group_g_maintenance_jin_maintenance_maintenance_user,1,1,1,0
access_g_jin_maintenance_maintenance_users_x_x_studio_request_line_maintenance_jin_mainten_1,Jin - Maintenance + Maintenance users,model_x_x_studio_request_line,BugFix-Studio-Misc.group_g_maintenance_jin_maintenance_minimum_rights,1,0,0,0
access_product_product_group_system,product.product group_system,product.model_product_product,base.group_system,1,1,1,1
access_res_config_settings_group_system,res.config.settings group_system,base.model_res_config_settings,base.group_system,1,1,1,1
access_g_vendors_x_vendor_group_accounting_jin_accountexecutive,Vendors,studio_usermodel_migration.model_x_vendor_group,group_g_accounting_jin_accountexecutive,1,1,1,1
access_g_test_access_rights_x_departments_test_department,test_access_rights,BugFix-Project.model_x_departments,group_g_misc_test_department,1,0,0,0
access_g_test_access_rights_2_x_departments_test_department_2,test_access_rights_2,BugFix-Project.model_x_departments,group_g_misc_test_department_2,1,1,1,1
access_g_proj_category_x_project_category_accounting_jin_projectinvoice,Proj. Category,BugFix-Project.model_x_project_category,group_g_accounting_jin_projectinvoice,1,1,0,0
access_g_proj_category_group_x_project_category_gro_accounting_jin_projectinvoice,Proj. Category Group,BugFix-Project.model_x_project_category_gro,group_g_accounting_jin_projectinvoice,1,0,0,0
access_g_proj_groups_x_project_groups_accounting_jin_projectinvoice,Proj. Groups,BugFix-Project.model_x_project_groups,group_g_accounting_jin_projectinvoice,1,0,0,0
access_g_x_consignment_charge_h_x_consignment_charge_h_purchase_jin_po_invoicing_payment_i,x_consignment_charge_h,BugFix-Accounting.model_x_consignment_charge_h,group_g_purchase_jin_po_invoicing_payment_imports,1,1,0,0
access_g_x_consignment_charge_h_x_consignment_charge_h_purchase_jin_procurement_end_user_i,x_consignment_charge_h,BugFix-Accounting.model_x_consignment_charge_h,group_g_purchase_jin_procurement_end_user_imports,1,1,1,0
access_g_x_tp_invoice_header_x_tp_invoice_header_purchase_jin_po_invoicing_payment_import,x_tp_invoice_header,BugFix-Accounting.model_x_tp_invoice_header,group_g_purchase_jin_po_invoicing_payment_imports,1,1,1,0
access_g_x_tp_invoice_line_x_tp_invoice_line_purchase_jin_po_invoicing_payment_import,x_tp_invoice_line,BugFix-Accounting.model_x_tp_invoice_line,group_g_purchase_jin_po_invoicing_payment_imports,1,1,1,0
access_g_x_temp_tp_invoice_head_x_temp_tp_invoice_head_purchase_jin_po_invoicing_payment_i,x_temp_tp_invoice_head,BugFix-Accounting.model_x_temp_tp_invoice_head,group_g_purchase_jin_po_invoicing_payment_imports,1,1,1,1
access_g_x_temp_tp_invoice_line_x_temp_tp_invoice_line_purchase_jin_po_invoicing_payment_i,x_temp_tp_invoice_line,BugFix-Accounting.model_x_temp_tp_invoice_line,group_g_purchase_jin_po_invoicing_payment_imports,1,1,1,0
access_g_temp_budget_x_temp_actual_budget_accounting_jin_projectinvoice,Temp. Budget,BugFix-Accounting.model_x_temp_actual_budget,group_g_accounting_jin_projectinvoice,1,0,0,0
access_g_account_tax_group_group_accounting_billing_limited_archived,account.tax.group,BugFix-Accounting.model_account_tax_group,group_g_accounting_billing_limited_archived,1,0,0,0
access_g_account_tax_group_group_accounting_billing_limited_cashier,account.tax.group,BugFix-Accounting.model_account_tax_group,group_g_accounting_billing_limited_cashier,1,0,0,0
access_g_account_tax_group_sale_manager_group_sales_jin_sales_view_only,account.tax.group sale manager,BugFix-Accounting.model_account_tax_group,group_g_sales_jin_sales_view_only,1,0,0,0
access_g_account_tax_group_sale_manager_group_sales_user_new,account.tax.group sale manager,BugFix-Accounting.model_account_tax_group,group_g_misc_sales_user_new,1,0,0,0
access_g_account_tax_group_group_accounting_test_inheritance,account.tax.group,BugFix-Accounting.model_account_tax_group,group_g_accounting_test_inheritance,1,0,0,0
access_g_x_con_consolidated_hea_x_con_consolidated_hea_purchase_jin_procurement_end_user_i,x_con_consolidated_hea,BugFix-Stock.model_x_con_consolidated_hea,group_g_purchase_jin_procurement_end_user_imports,1,1,1,0
access_g_x_con_consolidated_line_x_con_consolidated_lin_purchase_jin_procurement_end_user_,x_con_consolidated_line,BugFix-Stock.model_x_con_consolidated_lin,group_g_purchase_jin_procurement_end_user_imports,1,1,1,0
access_g_x_consignment_charge_l_x_consignment_charge_l_purchase_jin_procurement_end_user_i,x_consignment_charge_l,BugFix-Stock.model_x_consignment_charge_l,group_g_purchase_jin_procurement_end_user_imports,1,1,1,1
access_g_x_consignment_header_x_consignment_header_purchase_jin_po_invoicing_payment_impor,x_consignment_header,BugFix-Stock.model_x_consignment_header,group_g_purchase_jin_po_invoicing_payment_imports,1,1,0,0
access_g_x_consignment_header_x_consignment_header_purchase_jin_procurement_end_user_impor,x_consignment_header,BugFix-Stock.model_x_consignment_header,group_g_purchase_jin_procurement_end_user_imports,1,1,1,0
access_g_x_consignment_line_x_consignment_line_purchase_jin_po_goods_receivers,x_consignment_line,BugFix-Stock.model_x_consignment_line,group_g_purchase_jin_po_goods_receivers,1,1,0,0
access_g_x_consignment_line_x_consignment_line_purchase_jin_procurement_end_user_import,x_consignment_line,BugFix-Stock.model_x_consignment_line,group_g_purchase_jin_procurement_end_user_imports,1,1,1,1
access_g_x_tariffmaster_x_tariffmaster_purchase_jin_pr_view_only,x_tariffmaster,BugFix-Stock.model_x_tariffmaster,group_g_purchase_jin_pr_view_only,1,0,0,0
access_g_tariff_master_x_tariffmaster_purchase_jin_procurement_end_user_import,Tariff Master,BugFix-Stock.model_x_tariffmaster,group_g_purchase_jin_procurement_end_user_imports,1,0,0,0
access_g_x_temp_con_conso_line_x_temp_con_conso_line_purchase_jin_procurement_end_user_imp,x_temp_con_conso_line,BugFix-Stock.model_x_temp_con_conso_line,group_g_purchase_jin_procurement_end_user_imports,1,1,1,0
access_g_x_temp_con_consolidate_x_temp_con_consolidate_purchase_jin_procurement_end_user_i,x_temp_con_consolidate,BugFix-Stock.model_x_temp_con_consolidate,group_g_purchase_jin_procurement_end_user_imports,1,1,1,1
access_g_x_temp_consignment_hea_x_temp_consignment_hea_purchase_jin_procurement_end_user_i,x_temp_consignment_hea,BugFix-Stock.model_x_temp_consignment_hea,group_g_purchase_jin_procurement_end_user_imports,1,1,1,1
access_g_x_temp_consignment_lin_x_temp_consignment_lin_purchase_jin_procurement_end_user_i,x_temp_consignment_lin,BugFix-Stock.model_x_temp_consignment_lin,group_g_purchase_jin_procurement_end_user_imports,1,1,1,0
access_g_x_import_rfq_charge_he_x_import_rfq_charge_he_purchase_jin_procurement_end_user_i,x_import_rfq_charge_he,BugFix-Purchase.model_x_import_rfq_charge_he,group_g_purchase_jin_procurement_end_user_imports,1,1,1,0
access_g_x_import_rfq_charge_li_x_import_rfq_charge_li_purchase_jin_procurement_end_user_i,x_import_rfq_charge_li,BugFix-Purchase.model_x_import_rfq_charge_li,group_g_purchase_jin_procurement_end_user_imports,1,1,1,1
access_g_jin_maintenance_maintenance_users_x_mr_config_maintenance_jin_maintenance_mainten,Jin - Maintenance + Maintenance users,BugFix-Purchase.model_x_mr_config,group_g_maintenance_jin_maintenance_maintenance_user,1,1,1,0
access_g_jin_maintenance_maintenance_users_x_mr_config_maintenance_jin_maintenance_minimum,Jin - Maintenance + Maintenance users,BugFix-Purchase.model_x_mr_config,group_g_maintenance_jin_maintenance_minimum_rights,1,0,0,0
access_g_jin_manufacturing_minimum_rights_x_mr_config_manufacturing_jin_manufacturing_thos,Jin - Manufacturing - Minimum Rights,BugFix-Purchase.model_x_mr_config,group_g_manufacturing_jin_manufacturing_those_with_only_view_rights,1,0,0,0
access_g_jin_maintenance_maintenance_users_x_material_request_maintenance_jin_maintenance_,Jin - Maintenance + Maintenance users,BugFix-Purchase.model_x_material_request,group_g_maintenance_jin_maintenance_maintenance_user,1,0,1,0
access_g_jin_maintenance_maintenance_users_x_material_request_maintenance_jin_maintenance__1,Jin - Maintenance + Maintenance users,BugFix-Purchase.model_x_material_request,group_g_maintenance_jin_maintenance_minimum_rights,1,0,0,0
access_g_material_request_group_system_x_material_request_manufacturing_jin_manufacturing_,Material Request group_system,BugFix-Purchase.model_x_material_request,group_g_manufacturing_jin_manufacturing_mo_creator,1,1,1,0
access_g_material_request_group_user_x_material_request_manufacturing_jin_manufacturing_mo,Material Request group_user,BugFix-Purchase.model_x_material_request,group_g_manufacturing_jin_manufacturing_mo_operator,1,0,0,0
access_g_jin_manufacturing_mo_full_writes_x_material_request_manufacturing_jin_manufacturi,Jin - Manufacturing -  MO Full Writes,BugFix-Purchase.model_x_material_request,group_g_manufacturing_jin_manufacturing_production_orders_dismantler,1,1,1,0
access_g_jin_manufacturing_minimum_rights_x_material_request_manufacturing_jin_manufacturi,Jin - Manufacturing - Minimum Rights,BugFix-Purchase.model_x_material_request,group_g_manufacturing_jin_manufacturing_those_with_only_view_rights,1,0,0,0
access_g_jin_repair_minimum_rights_x_material_request_helpdesk_jin_repair_full_rights,Jin - Repair - Minimum Rights,BugFix-Purchase.model_x_material_request,group_g_helpdesk_jin_repair_full_rights,1,0,0,0
access_g_jin_repair_minimum_rights_x_material_request_helpdesk_jin_repair_minimum_rights,Jin - Repair - Minimum Rights,BugFix-Purchase.model_x_material_request,group_g_helpdesk_jin_repair_minimum_rights,1,0,0,0
access_g_user_x_material_request_helpdesk_jin_repair_ticket_creater,User,BugFix-Purchase.model_x_material_request,group_g_helpdesk_jin_repair_ticket_creater,1,1,1,0
access_g_x_non_inventory_produc_x_non_inventory_produc_purchase_jin_create_ni_invoice_jour,x_non_inventory_produc,BugFix-Purchase.model_x_non_inventory_produc,group_g_purchase_jin_create_ni_invoice_journal_for_ni_ca_po,1,0,0,0
access_g_x_non_inventory_produc_x_non_inventory_produc_purchase_jin_inv_pr_creators,x_non_inventory_produc,BugFix-Purchase.model_x_non_inventory_produc,group_g_purchase_jin_inv_pr_creators,1,1,1,0
access_g_x_non_inventory_produc_x_non_inventory_produc_purchase_jin_non_inv_pr_creators,x_non_inventory_produc,BugFix-Purchase.model_x_non_inventory_produc,group_g_purchase_jin_non_inv_pr_creators,1,1,1,0
access_g_x_non_inventory_produc_x_non_inventory_produc_purchase_jin_po_invoicing_payment_n,x_non_inventory_produc,BugFix-Purchase.model_x_non_inventory_produc,group_g_purchase_jin_po_invoicing_payment_non_inventory_credit,1,1,1,0
access_g_x_non_inventory_produc_x_non_inventory_produc_purchase_jin_po_invoicing_payment_n_1,x_non_inventory_produc,BugFix-Purchase.model_x_non_inventory_produc,group_g_purchase_jin_po_invoicing_payment_non_inventory_credit_copy,1,1,1,0
access_g_po_header_x_po_non_inventory_accounting_jin_accountexecutive,PO Header,BugFix-Purchase.model_x_po_non_inventory,group_g_accounting_jin_accountexecutive,1,0,0,0
access_g_po_header_x_po_non_inventory_accounting_jin_cashier,PO Header,BugFix-Purchase.model_x_po_non_inventory,group_g_accounting_jin_cashier,1,0,0,0
access_g_x_po_non_inventory_x_po_non_inventory_purchase_jin_create_ni_invoice_journal_f,x_po_non_inventory,BugFix-Purchase.model_x_po_non_inventory,group_g_purchase_jin_create_ni_invoice_journal_for_ni_ca_po,1,1,0,0
access_g_x_po_non_inventory_x_po_non_inventory_purchase_jin_po_invoicing_payment_non_in,x_po_non_inventory,BugFix-Purchase.model_x_po_non_inventory,group_g_purchase_jin_po_invoicing_payment_non_inventory_credit,1,1,1,0
access_g_x_po_non_inventory_x_po_non_inventory_purchase_jin_po_invoicing_payment_non_in_1,x_po_non_inventory,BugFix-Purchase.model_x_po_non_inventory,group_g_purchase_jin_po_invoicing_payment_non_inventory_credit_copy,1,1,1,0
access_g_x_pr_non_inventory_non_inventory_pos_x_po_non_inventory_purchase_jin_pr_view_only,x_pr_non_inventory - Non Inventory POs,BugFix-Purchase.model_x_po_non_inventory,group_g_purchase_jin_pr_view_only,1,0,0,0
access_g_non_inventory_po_x_po_non_inventory_purchase_jin_procurement_end_user_import,Non Inventory PO,BugFix-Purchase.model_x_po_non_inventory,group_g_purchase_jin_procurement_end_user_imports,1,1,1,0
access_g_non_inventory_po_x_po_non_inventory_purchase_jin_procurement_end_user_local,Non Inventory PO,BugFix-Purchase.model_x_po_non_inventory,group_g_purchase_jin_procurement_end_user_local,1,1,1,0
access_g_non_inventory_po_x_po_non_inventory_purchase_jin_procurement_view_only,Non Inventory PO,BugFix-Purchase.model_x_po_non_inventory,group_g_purchase_jin_procurement_view_only,1,0,0,0
access_g_purchase_order_line_non_inventory_x_po_line_non_inventor_purchase_jin_pr_view_onl,Purchase Order Line (Non-Inventory),BugFix-Purchase.model_x_po_line_non_inventor,group_g_purchase_jin_pr_view_only,1,0,0,0
access_g_non_inventory_po_lines_x_po_line_non_inventor_purchase_jin_procurement_end_user_i,Non Inventory PO Lines,BugFix-Purchase.model_x_po_line_non_inventor,group_g_purchase_jin_procurement_end_user_imports,1,1,1,0
access_g_non_inventory_po_lines_x_po_line_non_inventor_purchase_jin_procurement_end_user_l,Non Inventory PO Lines,BugFix-Purchase.model_x_po_line_non_inventor,group_g_purchase_jin_procurement_end_user_local,1,1,1,0
access_g_non_inventory_po_lines_x_po_line_non_inventor_purchase_jin_procurement_view_only,Non Inventory PO Lines,BugFix-Purchase.model_x_po_line_non_inventor,group_g_purchase_jin_procurement_view_only,1,0,0,0
access_g_purchase_request_x_purchase_request_purchase_jin_inv_pr_creators,Purchase Request,BugFix-Purchase.model_x_purchase_request,group_g_purchase_jin_inv_pr_creators,1,1,1,0
access_g_purchase_request_x_purchase_request_purchase_jin_non_inv_pr_approvers,Purchase Request,BugFix-Purchase.model_x_purchase_request,group_g_purchase_jin_non_inv_pr_approvers,1,0,0,0
access_g_purchase_request_x_purchase_request_purchase_jin_non_inv_pr_creators,Purchase Request,BugFix-Purchase.model_x_purchase_request,group_g_purchase_jin_non_inv_pr_creators,1,0,0,0
access_g_purchase_request_x_purchase_request_purchase_jin_pr_administrator,Purchase Request,BugFix-Purchase.model_x_purchase_request,group_g_purchase_jin_pr_administrator,1,1,1,1
access_g_purchase_request_x_purchase_request_purchase_jin_pr_view_only,Purchase Request,BugFix-Purchase.model_x_purchase_request,group_g_purchase_jin_pr_view_only,1,0,0,0
access_g_purchase_request_x_purchase_request_purchase_jin_procurement_end_user_import,Purchase Request,BugFix-Purchase.model_x_purchase_request,group_g_purchase_jin_procurement_end_user_imports,1,1,0,0
access_g_purchase_request_x_purchase_request_purchase_jin_procurement_end_user_local,Purchase Request,BugFix-Purchase.model_x_purchase_request,group_g_purchase_jin_procurement_end_user_local,1,1,0,0
access_g_purchase_request_x_purchase_request_purchase_jin_procurement_view_only,Purchase Request,BugFix-Purchase.model_x_purchase_request,group_g_purchase_jin_procurement_view_only,1,0,0,0
access_g_x_purchase_request_x_purchase_request_sales_jin_sales_add_edit_del_ca_customer,x_purchase_request,BugFix-Purchase.model_x_purchase_request,group_g_sales_jin_sales_add_edit_del_ca_customers,1,0,0,0
access_g_x_purchase_request_x_purchase_request_sales_jin_sales_view_only,x_purchase_request,BugFix-Purchase.model_x_purchase_request,group_g_sales_jin_sales_view_only,1,0,0,0
access_g_purchase_request_non_inventory_x_pr_non_inventory_purchase_jin_inv_pr_creators,Purchase Request (Non-Inventory),BugFix-Purchase.model_x_pr_non_inventory,group_g_purchase_jin_inv_pr_creators,1,0,0,0
access_g_x_pr_non_inventory_x_pr_non_inventory_purchase_jin_non_inv_pr_approvers,x_pr_non_inventory,BugFix-Purchase.model_x_pr_non_inventory,group_g_purchase_jin_non_inv_pr_approvers,1,1,1,0
access_g_purchase_request_non_inventory_x_pr_non_inventory_purchase_jin_non_inv_pr_creator,Purchase Request (Non-Inventory),BugFix-Purchase.model_x_pr_non_inventory,group_g_purchase_jin_non_inv_pr_creators,1,1,1,0
access_g_purchase_request_non_inventory_x_pr_non_inventory_purchase_jin_pr_administrator,Purchase Request (Non-Inventory),BugFix-Purchase.model_x_pr_non_inventory,group_g_purchase_jin_pr_administrator,1,1,1,1
access_g_purchase_request_non_inventory_x_pr_non_inventory_purchase_jin_pr_view_only,Purchase Request (Non-Inventory),BugFix-Purchase.model_x_pr_non_inventory,group_g_purchase_jin_pr_view_only,1,0,0,0
access_g_purchase_request_non_inventory_x_pr_non_inventory_purchase_jin_procurement_end_us,Purchase Request - Non-Inventory,BugFix-Purchase.model_x_pr_non_inventory,group_g_purchase_jin_procurement_end_user_imports,1,1,0,0
access_g_purchase_request_non_inventory_x_pr_non_inventory_purchase_jin_procurement_end_us_1,Purchase Request - Non-Inventory,BugFix-Purchase.model_x_pr_non_inventory,group_g_purchase_jin_procurement_end_user_local,1,1,0,0
access_g_purchase_request_non_inventory_x_pr_non_inventory_purchase_jin_procurement_view_o,Purchase Request - Non-Inventory,BugFix-Purchase.model_x_pr_non_inventory,group_g_purchase_jin_procurement_view_only,1,0,0,0
access_g_x_purchase_request_cas_x_purchase_request_cas_accounting_billing_limited_cashier,x_purchase_request_cas,BugFix-Purchase.model_x_purchase_request_cas,group_g_accounting_billing_limited_cashier,1,1,1,0
access_g_cash_purchase_x_purchase_request_cas_accounting_jin_accountexecutive,Cash Purchase,BugFix-Purchase.model_x_purchase_request_cas,group_g_accounting_jin_accountexecutive,1,0,0,0
access_g_cash_purchase_x_purchase_request_cas_accounting_jin_cashier,Cash Purchase,BugFix-Purchase.model_x_purchase_request_cas,group_g_accounting_jin_cashier,1,1,0,0
access_g_purchase_request_cash_x_purchase_request_cas_purchase_jin_pr_administrator,Purchase Request Cash,BugFix-Purchase.model_x_purchase_request_cas,group_g_purchase_jin_pr_administrator,1,1,1,1
access_g_purchase_request_cash_x_purchase_request_cas_purchase_jin_pr_view_only,Purchase Request Cash,BugFix-Purchase.model_x_purchase_request_cas,group_g_purchase_jin_pr_view_only,1,0,0,0
access_g_cash_purchase_x_purchase_request_cas_purchase_jin_procurement_end_user_import,Cash Purchase,BugFix-Purchase.model_x_purchase_request_cas,group_g_purchase_jin_procurement_end_user_imports,1,1,0,0
access_g_x_purchase_request_cash_cash_purchase_x_purchase_request_cas_purchase_jin_procure,x_purchase_request_cash (Cash Purchase),BugFix-Purchase.model_x_purchase_request_cas,group_g_purchase_jin_procurement_end_user_local,1,1,1,0
access_g_cash_purchase_x_purchase_request_cas_purchase_jin_procurement_view_only,Cash Purchase,BugFix-Purchase.model_x_purchase_request_cas,group_g_purchase_jin_procurement_view_only,1,0,0,0
access_g_purchase_request_line_x_purchase_request_lin_purchase_jin_inv_pr_creators,Purchase Request Line,BugFix-Purchase.model_x_purchase_request_lin,group_g_purchase_jin_inv_pr_creators,1,1,1,0
access_g_purchase_request_line_x_purchase_request_lin_purchase_jin_non_inv_pr_creators,Purchase Request Line,BugFix-Purchase.model_x_purchase_request_lin,group_g_purchase_jin_non_inv_pr_creators,1,0,0,0
access_g_purchase_request_line_x_purchase_request_lin_purchase_jin_pr_administrator,Purchase Request Line,BugFix-Purchase.model_x_purchase_request_lin,group_g_purchase_jin_pr_administrator,1,1,1,1
access_g_purchase_request_line_x_purchase_request_lin_purchase_jin_pr_view_only,Purchase Request Line,BugFix-Purchase.model_x_purchase_request_lin,group_g_purchase_jin_pr_view_only,1,0,0,0
access_g_purchase_request_lines_x_purchase_request_lin_purchase_jin_procurement_end_user_i,Purchase Request Lines,BugFix-Purchase.model_x_purchase_request_lin,group_g_purchase_jin_procurement_end_user_imports,1,1,1,0
access_g_purchase_request_lines_x_purchase_request_lin_purchase_jin_procurement_end_user_l,Purchase Request Lines,BugFix-Purchase.model_x_purchase_request_lin,group_g_purchase_jin_procurement_end_user_local,1,1,1,0
access_g_purchase_request_lines_x_purchase_request_lin_purchase_jin_procurement_view_only,Purchase Request Lines,BugFix-Purchase.model_x_purchase_request_lin,group_g_purchase_jin_procurement_view_only,1,0,0,0
access_g_purchase_request_line_non_inventory_x_pr_line_non_inventor_purchase_jin_inv_pr_cr,Purchase Request Line (Non-Inventory),BugFix-Purchase.model_x_pr_line_non_inventor,group_g_purchase_jin_inv_pr_creators,1,0,0,0
access_g_purchase_request_line_non_inventory_x_pr_line_non_inventor_purchase_jin_non_inv_p,Purchase Request Line (Non-Inventory),BugFix-Purchase.model_x_pr_line_non_inventor,group_g_purchase_jin_non_inv_pr_creators,1,1,1,0
access_g_purchase_request_line_non_inventory_x_pr_line_non_inventor_purchase_jin_pr_admini,Purchase Request Line (Non-Inventory),BugFix-Purchase.model_x_pr_line_non_inventor,group_g_purchase_jin_pr_administrator,1,1,1,1
access_g_purchase_request_line_non_inventory_x_pr_line_non_inventor_purchase_jin_pr_view_o,Purchase Request Line (Non-Inventory),BugFix-Purchase.model_x_pr_line_non_inventor,group_g_purchase_jin_pr_view_only,1,0,0,0
access_g_purchase_request_lines_non_inventory_x_pr_line_non_inventor_purchase_jin_procurem,Purchase Request Lines - Non-Inventory,BugFix-Purchase.model_x_pr_line_non_inventor,group_g_purchase_jin_procurement_end_user_imports,1,1,1,0
access_g_purchase_request_lines_non_inventory_x_pr_line_non_inventor_purchase_jin_procurem_1,Purchase Request Lines - Non-Inventory,BugFix-Purchase.model_x_pr_line_non_inventor,group_g_purchase_jin_procurement_end_user_local,1,1,1,0
access_g_purchase_request_lines_non_inventory_x_pr_line_non_inventor_purchase_jin_procurem_2,Purchase Request Lines - Non-Inventory,BugFix-Purchase.model_x_pr_line_non_inventor,group_g_purchase_jin_procurement_view_only,1,0,0,0
access_g_pr_line_cash_x_pr_line_cash_accounting_jin_accountexecutive,PR Line Cash,BugFix-Purchase.model_x_pr_line_cash,group_g_accounting_jin_accountexecutive,1,0,0,0
access_g_pr_line_cash_x_pr_line_cash_accounting_jin_cashier,PR Line Cash,BugFix-Purchase.model_x_pr_line_cash,group_g_accounting_jin_cashier,1,0,0,0
access_g_purchase_request_line_cash_x_pr_line_cash_purchase_jin_pr_administrator,Purchase Request Line Cash,BugFix-Purchase.model_x_pr_line_cash,group_g_purchase_jin_pr_administrator,1,1,1,1
access_g_purchase_request_line_cash_x_pr_line_cash_purchase_jin_pr_view_only,Purchase  Request Line Cash,BugFix-Purchase.model_x_pr_line_cash,group_g_purchase_jin_pr_view_only,1,0,0,0
access_g_cash_purchase_lines_x_pr_line_cash_purchase_jin_procurement_end_user_import,Cash Purchase Lines,BugFix-Purchase.model_x_pr_line_cash,group_g_purchase_jin_procurement_end_user_imports,1,1,1,0
access_g_x_pr_line_cash_cash_purchase_lines_x_pr_line_cash_purchase_jin_procurement_end_us,x_pr_line_cash (Cash Purchase Lines),BugFix-Purchase.model_x_pr_line_cash,group_g_purchase_jin_procurement_end_user_local,1,1,1,0
access_g_cash_purchase_lines_x_pr_line_cash_purchase_jin_procurement_view_only,Cash Purchase Lines,BugFix-Purchase.model_x_pr_line_cash,group_g_purchase_jin_procurement_view_only,1,0,0,0
access_g_x_tariff_date_x_tariff_date_purchase_jin_pr_view_only,x_tariff_date,BugFix-Purchase.model_x_tariff_date,group_g_purchase_jin_pr_view_only,1,0,0,0
access_g_tariff_dates_x_tariff_date_purchase_jin_procurement_end_user_import,Tariff Dates,BugFix-Purchase.model_x_tariff_date,group_g_purchase_jin_procurement_end_user_imports,1,0,0,0
access_g_x_tariff_rates_x_tariff_rates_purchase_jin_pr_view_only,x_tariff_rates,BugFix-Purchase.model_x_tariff_rates,group_g_purchase_jin_pr_view_only,1,0,0,0
access_g_tariff_rates_x_tariff_rates_purchase_jin_procurement_end_user_import,Tariff Rates,BugFix-Purchase.model_x_tariff_rates,group_g_purchase_jin_procurement_end_user_imports,1,0,0,0
access_g_purchase_request_line_make_purchase_orde_order_purchase_jin_pr_administrator,Purchase Request Line Make Purchase Order,BugFix-Purchase.model_x_purchase_request_line_make_purchase_order,group_g_purchase_jin_pr_administrator,1,1,1,1
access_g_purchase_request_line_make_purchase_orde_order_purchase_jin_pr_view_only,Purchase Request Line Make Purchase Order,BugFix-Purchase.model_x_purchase_request_line_make_purchase_order,group_g_purchase_jin_pr_view_only,1,0,0,0
access_g_purchase_requisition_lines_order_purchase_jin_procurement_end_user_import,Purchase Requisition Lines,BugFix-Purchase.model_x_purchase_request_line_make_purchase_order,group_g_purchase_jin_procurement_end_user_imports,1,1,1,1
access_g_x_purchase_request_line_make_purchase_or_order_purchase_jin_procurement_end_user_,x_purchase.request.line.make.purchase.order,BugFix-Purchase.model_x_purchase_request_line_make_purchase_order,group_g_purchase_jin_procurement_end_user_local,1,1,1,0
access_g_purchase_requisition_lines_order_purchase_jin_procurement_view_only,Purchase Requisition Lines,BugFix-Purchase.model_x_purchase_request_line_make_purchase_order,group_g_purchase_jin_procurement_view_only,1,0,0,0
access_g_purchase_request_line_make_purchase_orde_item_purchase_jin_pr_administrator,Purchase Request Line Make Purchase Order Item,BugFix-Purchase.model_x_purchase_request_line_make_purchase_order_item,group_g_purchase_jin_pr_administrator,1,1,1,1
access_g_purchase_request_line_make_purchase_orde_item_purchase_jin_pr_view_only,Purchase Request Line Make Purchase Order Item,BugFix-Purchase.model_x_purchase_request_line_make_purchase_order_item,group_g_purchase_jin_pr_view_only,1,0,0,0
access_g_purchase_request_line_make_po_item_item_purchase_jin_procurement_end_user_import,Purchase Request Line Make PO Item,BugFix-Purchase.model_x_purchase_request_line_make_purchase_order_item,group_g_purchase_jin_procurement_end_user_imports,1,1,1,1
access_g_purchase_request_line_make_po_item_item_purchase_jin_procurement_end_user_local,Purchase Request Line Make PO Item,BugFix-Purchase.model_x_purchase_request_line_make_purchase_order_item,group_g_purchase_jin_procurement_end_user_local,1,1,1,1
access_g_purchase_request_line_make_po_item_item_purchase_jin_procurement_view_only,Purchase Request Line Make PO Item,BugFix-Purchase.model_x_purchase_request_line_make_purchase_order_item,group_g_purchase_jin_procurement_view_only,1,0,0,0
access_g_mass_produce_serial_group_user_x_mass_produce_serial_manufacturing_jin_manufactur,Mass Produce Serial group_user,BugFix-MRP.model_x_mass_produce_serial,group_g_manufacturing_jin_manufacturing_mo_creator,1,1,1,1
access_g_jin_manufacturing_mo_full_writes_mps_x_mass_produce_serial_manufacturing_jin_manu,Jin - Manufacturing -  MO Full Writes  + MPS,BugFix-MRP.model_x_mass_produce_serial,group_g_manufacturing_jin_manufacturing_master_plan_creator_add_a_product,1,1,1,1
access_g_jin_manufacturing_mo_full_writes_mps_x_mass_produce_serial_manufacturing_jin_manu_1,Jin - Manufacturing -  MO Full Writes  + MPS,BugFix-MRP.model_x_mass_produce_serial,group_g_manufacturing_jin_manufacturing_master_plan_operator_replenish,1,1,1,1
access_g_mass_produce_serial_line_group_user_x_mass_produce_serial_manufacturing_jin_manuf,Mass Produce Serial Line group_user,BugFix-MRP.model_x_mass_produce_serial_,group_g_manufacturing_jin_manufacturing_mo_creator,1,1,1,1
access_g_jin_manufacturing_mo_full_writes_mps_x_mass_produce_serial_manufacturing_jin_manu_2,Jin - Manufacturing -  MO Full Writes  + MPS,BugFix-MRP.model_x_mass_produce_serial_,group_g_manufacturing_jin_manufacturing_master_plan_creator_add_a_product,1,1,1,1
access_g_jin_manufacturing_mo_full_writes_mps_x_mass_produce_serial_manufacturing_jin_manu_3,Jin - Manufacturing -  MO Full Writes  + MPS,BugFix-MRP.model_x_mass_produce_serial_,group_g_manufacturing_jin_manufacturing_master_plan_operator_replenish,1,1,1,1
